coluna,categoria,quantidade,percentual
filial,Alex,340,34.0
filial,Cairo,332,33.2
filial,Giza,328,32.8
cidade,Yangon,340,34.0
cidade,Mandalay,332,33.2
cidade,Naypyitaw,328,32.8
tipo_cliente,Member,565,56.5
tipo_cliente,Normal,435,43.5
genero,Female,571,57.1
genero,Male,429,42.9
linha_produto,Fashion accessories,178,17.8
linha_produto,Food and beverages,174,17.4
linha_produto,Electronic accessories,170,17.0
linha_produto,Sports and travel,166,16.6
linha_produto,Home and lifestyle,160,16.0
linha_produto,Health and beauty,152,15.2
forma_pagamento,Ewallet,345,34.5
forma_pagamento,Cash,344,34.4
forma_pagamento,Credit card,311,31.1
dia_semana,Sábado,164,16.4
dia_semana,Terça-feira,158,15.8
dia_semana,Quarta-feira,143,14.3
dia_semana,Sexta-feira,139,13.9
dia_semana,Quinta-feira,138,13.8
dia_semana,Domingo,133,13.3
dia_semana,Segunda-feira,125,12.5
periodo_dia,Tarde,528,52.8
periodo_dia,Noite,281,28.1
periodo_dia,Manhã,191,19.1
